-- Seed data for 锦泰耐火材料 AI 生产流转助手 MVP.
-- Safe to run repeatedly: rows use deterministic IDs and ON CONFLICT DO NOTHING.

BEGIN;

INSERT INTO jintai_mvp.tenants (
  id, slug, display_name, legal_name, industry, region, website_url,
  status, source_system, source_record_id
) VALUES (
  '10000000-0000-4000-8000-000000000001',
  'jintai-refractory',
  '锦泰耐火材料',
  '锦泰耐火材料有限公司',
  '耐火材料制造',
  '中国',
  'http://www.kamtai.cc/',
  'active',
  'seed:jintai_mvp',
  'tenant:jintai'
) ON CONFLICT (id) DO NOTHING;

INSERT INTO jintai_mvp.profiles (
  id, tenant_id, role_code, role_name, display_name, phone, email,
  status, source_system, source_record_id
) VALUES
  ('20000000-0000-4000-8000-000000000001', '10000000-0000-4000-8000-000000000001', 'owner', '老板', '陈总', '13800000001', 'owner@kamtai.example', 'active', 'seed:jintai_mvp', 'profile:owner'),
  ('20000000-0000-4000-8000-000000000002', '10000000-0000-4000-8000-000000000001', 'production_manager', '生产经理', '王经理', '13800000002', 'pm@kamtai.example', 'active', 'seed:jintai_mvp', 'profile:production_manager'),
  ('20000000-0000-4000-8000-000000000003', '10000000-0000-4000-8000-000000000001', 'forming_operator', '成型操作员', '李师傅', '13800000003', NULL, 'active', 'seed:jintai_mvp', 'profile:forming_operator'),
  ('20000000-0000-4000-8000-000000000004', '10000000-0000-4000-8000-000000000001', 'sintering_operator', '烧结操作员', '赵师傅', '13800000004', NULL, 'active', 'seed:jintai_mvp', 'profile:sintering_operator'),
  ('20000000-0000-4000-8000-000000000005', '10000000-0000-4000-8000-000000000001', 'inspection_packaging_operator', '检包操作员', '周师傅', '13800000005', NULL, 'active', 'seed:jintai_mvp', 'profile:inspection_packaging_operator')
ON CONFLICT (id) DO NOTHING;

INSERT INTO jintai_mvp.customers (
  id, tenant_id, customer_code, full_name, short_name, contact_name, phone,
  address, tax_id, credit_level, status, source_system, source_record_id
) VALUES
  ('30000000-0000-4000-8000-000000000001', '10000000-0000-4000-8000-000000000001', 'CUST-001', '河南宏达钢铁有限公司', '宏达钢铁', '刘工', '0371-0000001', '河南省郑州市高新区', '91410000000000001A', 'A', 'active', 'seed:jintai_mvp', 'customer:CUST-001'),
  ('30000000-0000-4000-8000-000000000002', '10000000-0000-4000-8000-000000000001', 'CUST-002', '江苏盛源窑炉工程有限公司', '盛源窑炉', '张经理', '025-0000002', '江苏省南京市江宁区', '91320000000000002B', 'A', 'active', 'seed:jintai_mvp', 'customer:CUST-002'),
  ('30000000-0000-4000-8000-000000000003', '10000000-0000-4000-8000-000000000001', 'CUST-003', '山东联铸冶金设备有限公司', '山东联铸', '孙工', '0531-0000003', '山东省济南市历城区', '91370000000000003C', 'B', 'active', 'seed:jintai_mvp', 'customer:CUST-003'),
  ('30000000-0000-4000-8000-000000000004', '10000000-0000-4000-8000-000000000001', 'CUST-004', '唐山鑫泰热工材料有限公司', '唐山鑫泰', '赵经理', '0315-0000004', '河北省唐山市丰南区', '91130000000000004D', 'B', 'active', 'seed:jintai_mvp', 'customer:CUST-004'),
  ('30000000-0000-4000-8000-000000000005', '10000000-0000-4000-8000-000000000001', 'CUST-005', '湖北鼎盛有色金属有限公司', '鼎盛有色', '黄工', '027-0000005', '湖北省武汉市青山区', '91420000000000005E', 'A', 'active', 'seed:jintai_mvp', 'customer:CUST-005')
ON CONFLICT (id) DO NOTHING;

INSERT INTO jintai_mvp.products (
  id, tenant_id, sku, name, category, specification, unit, drawing_no,
  quality_risk_level, status, source_system, source_record_id
) VALUES
  ('40000000-0000-4000-8000-000000000001', '10000000-0000-4000-8000-000000000001', 'JT-AM-SP-001', '刚玉莫来石承烧板', '窑炉耐火窑具', '600x400x20mm 刚玉莫来石', '片', 'DRW-AM-SP-001', 'high', 'active', 'seed:jintai_mvp', 'product:JT-AM-SP-001'),
  ('40000000-0000-4000-8000-000000000002', '10000000-0000-4000-8000-000000000001', 'JT-MU-PUSH-002', '莫来石推板', '窑炉耐火窑具', '520x360x25mm 莫来石质', '片', 'DRW-MU-PUSH-002', 'normal', 'active', 'seed:jintai_mvp', 'product:JT-MU-PUSH-002'),
  ('40000000-0000-4000-8000-000000000003', '10000000-0000-4000-8000-000000000001', 'JT-SIC-SAGGER-003', '碳化硅匣钵', '窑炉耐火窑具', '320x220x120mm SiC 复合', '件', 'DRW-SIC-SAGGER-003', 'normal', 'active', 'seed:jintai_mvp', 'product:JT-SIC-SAGGER-003'),
  ('40000000-0000-4000-8000-000000000004', '10000000-0000-4000-8000-000000000001', 'JT-SIC-POST-004', '碳化硅支柱', '窑炉耐火窑具', 'D45x300mm SiC>=80%', '根', 'DRW-SIC-POST-004', 'high', 'active', 'seed:jintai_mvp', 'product:JT-SIC-POST-004'),
  ('40000000-0000-4000-8000-000000000005', '10000000-0000-4000-8000-000000000001', 'JT-AM-POST-005', '刚玉莫来石支柱', '窑炉耐火窑具', 'D38x280mm 刚玉莫来石', '根', 'DRW-AM-POST-005', 'normal', 'active', 'seed:jintai_mvp', 'product:JT-AM-POST-005'),
  ('40000000-0000-4000-8000-000000000006', '10000000-0000-4000-8000-000000000001', 'JT-AL-TUBE-006', '氧化铝陶瓷套管', '技术陶瓷', 'D30x180mm Al2O3>=95%', '件', 'DRW-AL-TUBE-006', 'normal', 'active', 'seed:jintai_mvp', 'product:JT-AL-TUBE-006'),
  ('40000000-0000-4000-8000-000000000007', '10000000-0000-4000-8000-000000000001', 'JT-ZRO-SP-007', '氧化锆承烧板', '技术陶瓷', '450x320x18mm ZrO2 复合', '片', 'DRW-ZRO-SP-007', 'normal', 'active', 'seed:jintai_mvp', 'product:JT-ZRO-SP-007'),
  ('40000000-0000-4000-8000-000000000008', '10000000-0000-4000-8000-000000000001', 'JT-CER-CRUCIBLE-008', '陶瓷坩埚', '技术陶瓷', '2L 刚玉陶瓷', '件', 'DRW-CER-CRUCIBLE-008', 'normal', 'active', 'seed:jintai_mvp', 'product:JT-CER-CRUCIBLE-008')
ON CONFLICT (id) DO NOTHING;

INSERT INTO jintai_mvp.process_routes (
  id, tenant_id, product_id, route_code, route_name, version, is_default,
  status, source_system, source_record_id
) VALUES
  ('50000000-0000-4000-8000-000000000001', '10000000-0000-4000-8000-000000000001', '40000000-0000-4000-8000-000000000001', 'ROUTE-JT-AM-SP-001-V1', '刚玉莫来石承烧板默认工艺', 'v1', true, 'active', 'seed:jintai_mvp', 'route:JT-AM-SP-001'),
  ('50000000-0000-4000-8000-000000000002', '10000000-0000-4000-8000-000000000001', '40000000-0000-4000-8000-000000000002', 'ROUTE-JT-MU-PUSH-002-V1', '莫来石推板默认工艺', 'v1', true, 'active', 'seed:jintai_mvp', 'route:JT-MU-PUSH-002'),
  ('50000000-0000-4000-8000-000000000003', '10000000-0000-4000-8000-000000000001', '40000000-0000-4000-8000-000000000003', 'ROUTE-JT-SIC-SAGGER-003-V1', '碳化硅匣钵默认工艺', 'v1', true, 'active', 'seed:jintai_mvp', 'route:JT-SIC-SAGGER-003'),
  ('50000000-0000-4000-8000-000000000004', '10000000-0000-4000-8000-000000000001', '40000000-0000-4000-8000-000000000004', 'ROUTE-JT-SIC-POST-004-V1', '碳化硅支柱默认工艺', 'v1', true, 'active', 'seed:jintai_mvp', 'route:JT-SIC-POST-004'),
  ('50000000-0000-4000-8000-000000000005', '10000000-0000-4000-8000-000000000001', '40000000-0000-4000-8000-000000000005', 'ROUTE-JT-AM-POST-005-V1', '刚玉莫来石支柱默认工艺', 'v1', true, 'active', 'seed:jintai_mvp', 'route:JT-AM-POST-005'),
  ('50000000-0000-4000-8000-000000000006', '10000000-0000-4000-8000-000000000001', '40000000-0000-4000-8000-000000000006', 'ROUTE-JT-AL-TUBE-006-V1', '氧化铝陶瓷套管默认工艺', 'v1', true, 'active', 'seed:jintai_mvp', 'route:JT-AL-TUBE-006'),
  ('50000000-0000-4000-8000-000000000007', '10000000-0000-4000-8000-000000000001', '40000000-0000-4000-8000-000000000007', 'ROUTE-JT-ZRO-SP-007-V1', '氧化锆承烧板默认工艺', 'v1', true, 'active', 'seed:jintai_mvp', 'route:JT-ZRO-SP-007'),
  ('50000000-0000-4000-8000-000000000008', '10000000-0000-4000-8000-000000000001', '40000000-0000-4000-8000-000000000008', 'ROUTE-JT-CER-CRUCIBLE-008-V1', '陶瓷坩埚默认工艺', 'v1', true, 'active', 'seed:jintai_mvp', 'route:JT-CER-CRUCIBLE-008')
ON CONFLICT (id) DO NOTHING;

INSERT INTO jintai_mvp.process_steps (
  id, tenant_id, route_id, step_code, step_name, step_sequence, workstation,
  standard_hours, required_role_code, qc_points, status, source_system, source_record_id
) VALUES
  ('51000000-0000-4000-8000-000000000001', '10000000-0000-4000-8000-000000000001', '50000000-0000-4000-8000-000000000001', 'forming', '成型', 10, '成型线 A', 6, 'forming_operator', '{"check":["尺寸","坯体重量","边角缺陷"]}'::jsonb, 'active', 'seed:jintai_mvp', 'step:LZ65:forming'),
  ('51000000-0000-4000-8000-000000000002', '10000000-0000-4000-8000-000000000001', '50000000-0000-4000-8000-000000000001', 'sintering', '烧结', 20, '隧道窑 1', 28, 'sintering_operator', '{"check":["升温曲线","保温时间","出窑色泽"]}'::jsonb, 'active', 'seed:jintai_mvp', 'step:LZ65:sintering'),
  ('51000000-0000-4000-8000-000000000003', '10000000-0000-4000-8000-000000000001', '50000000-0000-4000-8000-000000000001', 'inspection_packaging', '检包', 30, '检包台 1', 4, 'inspection_packaging_operator', '{"check":["外观","尺寸复检","包装标签"]}'::jsonb, 'active', 'seed:jintai_mvp', 'step:LZ65:inspection'),
  ('51000000-0000-4000-8000-000000000004', '10000000-0000-4000-8000-000000000001', '50000000-0000-4000-8000-000000000002', 'forming', '成型', 10, '成型线 B', 6, 'forming_operator', '{"check":["尺寸","坯体重量","边角缺陷"]}'::jsonb, 'active', 'seed:jintai_mvp', 'step:ML60:forming'),
  ('51000000-0000-4000-8000-000000000005', '10000000-0000-4000-8000-000000000001', '50000000-0000-4000-8000-000000000002', 'sintering', '烧结', 20, '隧道窑 1', 30, 'sintering_operator', '{"check":["升温曲线","保温时间","出窑色泽"]}'::jsonb, 'active', 'seed:jintai_mvp', 'step:ML60:sintering'),
  ('51000000-0000-4000-8000-000000000006', '10000000-0000-4000-8000-000000000001', '50000000-0000-4000-8000-000000000002', 'inspection_packaging', '检包', 30, '检包台 1', 4, 'inspection_packaging_operator', '{"check":["外观","尺寸复检","包装标签"]}'::jsonb, 'active', 'seed:jintai_mvp', 'step:ML60:inspection'),
  ('51000000-0000-4000-8000-000000000007', '10000000-0000-4000-8000-000000000001', '50000000-0000-4000-8000-000000000003', 'forming', '成型', 10, '配料成型区', 5, 'forming_operator', '{"check":["配比","水分","成型密实度"]}'::jsonb, 'active', 'seed:jintai_mvp', 'step:CA90:forming'),
  ('51000000-0000-4000-8000-000000000008', '10000000-0000-4000-8000-000000000001', '50000000-0000-4000-8000-000000000003', 'sintering', '烧结', 20, '养护烘干区', 16, 'sintering_operator', '{"check":["烘干曲线","含水率","批次标签"]}'::jsonb, 'active', 'seed:jintai_mvp', 'step:CA90:sintering'),
  ('51000000-0000-4000-8000-000000000009', '10000000-0000-4000-8000-000000000001', '50000000-0000-4000-8000-000000000003', 'inspection_packaging', '检包', 30, '包装线 1', 3, 'inspection_packaging_operator', '{"check":["袋重","批号","托盘包装"]}'::jsonb, 'active', 'seed:jintai_mvp', 'step:CA90:inspection'),
  ('51000000-0000-4000-8000-000000000010', '10000000-0000-4000-8000-000000000001', '50000000-0000-4000-8000-000000000004', 'forming', '成型', 10, '成型线 C', 7, 'forming_operator', '{"check":["尺寸","碳含量批次","压制密度"]}'::jsonb, 'active', 'seed:jintai_mvp', 'step:MT14A:forming'),
  ('51000000-0000-4000-8000-000000000011', '10000000-0000-4000-8000-000000000001', '50000000-0000-4000-8000-000000000004', 'sintering', '烧结', 20, '隧道窑 2', 32, 'sintering_operator', '{"check":["气氛","保温时间","裂纹"]}'::jsonb, 'active', 'seed:jintai_mvp', 'step:MT14A:sintering'),
  ('51000000-0000-4000-8000-000000000012', '10000000-0000-4000-8000-000000000001', '50000000-0000-4000-8000-000000000004', 'inspection_packaging', '检包', 30, '检包台 2', 4, 'inspection_packaging_operator', '{"check":["外观","重量","包装防潮"]}'::jsonb, 'active', 'seed:jintai_mvp', 'step:MT14A:inspection'),
  ('51000000-0000-4000-8000-000000000013', '10000000-0000-4000-8000-000000000001', '50000000-0000-4000-8000-000000000005', 'forming', '成型', 10, '成型线 A', 6, 'forming_operator', '{}'::jsonb, 'active', 'seed:jintai_mvp', 'step:SM1680:forming'),
  ('51000000-0000-4000-8000-000000000014', '10000000-0000-4000-8000-000000000001', '50000000-0000-4000-8000-000000000005', 'sintering', '烧结', 20, '隧道窑 1', 28, 'sintering_operator', '{}'::jsonb, 'active', 'seed:jintai_mvp', 'step:SM1680:sintering'),
  ('51000000-0000-4000-8000-000000000015', '10000000-0000-4000-8000-000000000001', '50000000-0000-4000-8000-000000000005', 'inspection_packaging', '检包', 30, '检包台 1', 4, 'inspection_packaging_operator', '{}'::jsonb, 'active', 'seed:jintai_mvp', 'step:SM1680:inspection'),
  ('51000000-0000-4000-8000-000000000016', '10000000-0000-4000-8000-000000000001', '50000000-0000-4000-8000-000000000006', 'forming', '成型', 10, '成型线 B', 5, 'forming_operator', '{}'::jsonb, 'active', 'seed:jintai_mvp', 'step:JM26:forming'),
  ('51000000-0000-4000-8000-000000000017', '10000000-0000-4000-8000-000000000001', '50000000-0000-4000-8000-000000000006', 'sintering', '烧结', 20, '隧道窑 2', 24, 'sintering_operator', '{}'::jsonb, 'active', 'seed:jintai_mvp', 'step:JM26:sintering'),
  ('51000000-0000-4000-8000-000000000018', '10000000-0000-4000-8000-000000000001', '50000000-0000-4000-8000-000000000006', 'inspection_packaging', '检包', 30, '检包台 2', 3, 'inspection_packaging_operator', '{}'::jsonb, 'active', 'seed:jintai_mvp', 'step:JM26:inspection'),
  ('51000000-0000-4000-8000-000000000019', '10000000-0000-4000-8000-000000000001', '50000000-0000-4000-8000-000000000007', 'forming', '成型', 10, '配料成型区', 5, 'forming_operator', '{}'::jsonb, 'active', 'seed:jintai_mvp', 'step:HA70:forming'),
  ('51000000-0000-4000-8000-000000000020', '10000000-0000-4000-8000-000000000001', '50000000-0000-4000-8000-000000000007', 'sintering', '烧结', 20, '养护烘干区', 16, 'sintering_operator', '{}'::jsonb, 'active', 'seed:jintai_mvp', 'step:HA70:sintering'),
  ('51000000-0000-4000-8000-000000000021', '10000000-0000-4000-8000-000000000001', '50000000-0000-4000-8000-000000000007', 'inspection_packaging', '检包', 30, '包装线 1', 3, 'inspection_packaging_operator', '{}'::jsonb, 'active', 'seed:jintai_mvp', 'step:HA70:inspection'),
  ('51000000-0000-4000-8000-000000000022', '10000000-0000-4000-8000-000000000001', '50000000-0000-4000-8000-000000000008', 'forming', '成型', 10, '成型线 C', 7, 'forming_operator', '{}'::jsonb, 'active', 'seed:jintai_mvp', 'step:SIC80:forming'),
  ('51000000-0000-4000-8000-000000000023', '10000000-0000-4000-8000-000000000001', '50000000-0000-4000-8000-000000000008', 'sintering', '烧结', 20, '隧道窑 2', 30, 'sintering_operator', '{}'::jsonb, 'active', 'seed:jintai_mvp', 'step:SIC80:sintering'),
  ('51000000-0000-4000-8000-000000000024', '10000000-0000-4000-8000-000000000001', '50000000-0000-4000-8000-000000000008', 'inspection_packaging', '检包', 30, '检包台 2', 4, 'inspection_packaging_operator', '{}'::jsonb, 'active', 'seed:jintai_mvp', 'step:SIC80:inspection')
ON CONFLICT (id) DO NOTHING;

INSERT INTO jintai_mvp.sales_orders (
  id, tenant_id, customer_id, product_id, order_no, order_date,
  promised_delivery_date, quantity, unit, unit_price, amount_total, priority,
  status, source_system, source_record_id
) VALUES
  ('60000000-0000-4000-8000-000000000001', '10000000-0000-4000-8000-000000000001', '30000000-0000-4000-8000-000000000001', '40000000-0000-4000-8000-000000000001', 'SO-JT-202605-001', DATE '2026-05-01', DATE '2026-05-12', 100, '块', 38, 3800, 'urgent', 'delayed', 'seed:jintai_mvp', 'sales_order:001'),
  ('60000000-0000-4000-8000-000000000002', '10000000-0000-4000-8000-000000000001', '30000000-0000-4000-8000-000000000002', '40000000-0000-4000-8000-000000000002', 'SO-JT-202605-002', DATE '2026-05-02', DATE '2026-05-13', 80, '块', 52, 4160, 'urgent', 'delayed', 'seed:jintai_mvp', 'sales_order:002'),
  ('60000000-0000-4000-8000-000000000003', '10000000-0000-4000-8000-000000000001', '30000000-0000-4000-8000-000000000003', '40000000-0000-4000-8000-000000000003', 'SO-JT-202605-003', DATE '2026-05-03', DATE '2026-05-14', 60, '吨', 2850, 171000, 'high', 'delayed', 'seed:jintai_mvp', 'sales_order:003'),
  ('60000000-0000-4000-8000-000000000004', '10000000-0000-4000-8000-000000000001', '30000000-0000-4000-8000-000000000004', '40000000-0000-4000-8000-000000000004', 'SO-JT-202605-004', DATE '2026-05-04', DATE '2026-05-19', 90, '块', 88, 7920, 'high', 'in_production', 'seed:jintai_mvp', 'sales_order:004'),
  ('60000000-0000-4000-8000-000000000005', '10000000-0000-4000-8000-000000000001', '30000000-0000-4000-8000-000000000005', '40000000-0000-4000-8000-000000000001', 'SO-JT-202605-005', DATE '2026-05-05', DATE '2026-05-20', 120, '块', 38, 4560, 'normal', 'exception', 'seed:jintai_mvp', 'sales_order:005'),
  ('60000000-0000-4000-8000-000000000006', '10000000-0000-4000-8000-000000000001', '30000000-0000-4000-8000-000000000001', '40000000-0000-4000-8000-000000000004', 'SO-JT-202605-006', DATE '2026-05-05', DATE '2026-05-20', 90, '块', 88, 7920, 'normal', 'exception', 'seed:jintai_mvp', 'sales_order:006'),
  ('60000000-0000-4000-8000-000000000007', '10000000-0000-4000-8000-000000000001', '30000000-0000-4000-8000-000000000002', '40000000-0000-4000-8000-000000000005', 'SO-JT-202605-007', DATE '2026-05-06', DATE '2026-05-18', 70, '块', 46, 3220, 'normal', 'completed', 'seed:jintai_mvp', 'sales_order:007'),
  ('60000000-0000-4000-8000-000000000008', '10000000-0000-4000-8000-000000000001', '30000000-0000-4000-8000-000000000003', '40000000-0000-4000-8000-000000000006', 'SO-JT-202605-008', DATE '2026-05-06', DATE '2026-05-18', 150, '块', 19, 2850, 'normal', 'completed', 'seed:jintai_mvp', 'sales_order:008'),
  ('60000000-0000-4000-8000-000000000009', '10000000-0000-4000-8000-000000000001', '30000000-0000-4000-8000-000000000004', '40000000-0000-4000-8000-000000000007', 'SO-JT-202605-009', DATE '2026-05-16', DATE '2026-05-29', 100, '吨', 2100, 210000, 'normal', 'created', 'seed:jintai_mvp', 'sales_order:009'),
  ('60000000-0000-4000-8000-000000000010', '10000000-0000-4000-8000-000000000001', '30000000-0000-4000-8000-000000000005', '40000000-0000-4000-8000-000000000008', 'SO-JT-202605-010', DATE '2026-05-16', DATE '2026-05-30', 40, '片', 160, 6400, 'normal', 'created', 'seed:jintai_mvp', 'sales_order:010'),
  ('60000000-0000-4000-8000-000000000011', '10000000-0000-4000-8000-000000000001', '30000000-0000-4000-8000-000000000001', '40000000-0000-4000-8000-000000000002', 'SO-JT-202605-011', DATE '2026-05-10', DATE '2026-05-24', 65, '块', 52, 3380, 'normal', 'in_production', 'seed:jintai_mvp', 'sales_order:011'),
  ('60000000-0000-4000-8000-000000000012', '10000000-0000-4000-8000-000000000001', '30000000-0000-4000-8000-000000000002', '40000000-0000-4000-8000-000000000003', 'SO-JT-202605-012', DATE '2026-05-10', DATE '2026-05-25', 75, '吨', 2850, 213750, 'normal', 'in_production', 'seed:jintai_mvp', 'sales_order:012'),
  ('60000000-0000-4000-8000-000000000013', '10000000-0000-4000-8000-000000000001', '30000000-0000-4000-8000-000000000003', '40000000-0000-4000-8000-000000000005', 'SO-JT-202605-013', DATE '2026-05-11', DATE '2026-05-26', 110, '块', 46, 5060, 'normal', 'in_production', 'seed:jintai_mvp', 'sales_order:013'),
  ('60000000-0000-4000-8000-000000000014', '10000000-0000-4000-8000-000000000001', '30000000-0000-4000-8000-000000000004', '40000000-0000-4000-8000-000000000006', 'SO-JT-202605-014', DATE '2026-05-12', DATE '2026-05-27', 95, '块', 19, 1805, 'normal', 'in_production', 'seed:jintai_mvp', 'sales_order:014'),
  ('60000000-0000-4000-8000-000000000015', '10000000-0000-4000-8000-000000000001', '30000000-0000-4000-8000-000000000005', '40000000-0000-4000-8000-000000000008', 'SO-JT-202605-015', DATE '2026-05-12', DATE '2026-05-28', 50, '片', 160, 8000, 'normal', 'in_production', 'seed:jintai_mvp', 'sales_order:015')
ON CONFLICT (id) DO NOTHING;

INSERT INTO jintai_mvp.production_flow_cards (
  id, tenant_id, sales_order_id, product_id, process_route_id, flow_card_no,
  planned_quantity, completed_quantity, defective_quantity, unit, current_step_code,
  priority, due_at, started_at, completed_at, delay_reason, quantity_variance_reason,
  status, source_system, source_record_id
) VALUES
  ('70000000-0000-4000-8000-000000000001', '10000000-0000-4000-8000-000000000001', '60000000-0000-4000-8000-000000000001', '40000000-0000-4000-8000-000000000001', '50000000-0000-4000-8000-000000000001', 'FC-JT-202605-001', 100, 0, 2, '块', 'sintering', 'urgent', TIMESTAMPTZ '2026-05-12 18:00:00+08', TIMESTAMPTZ '2026-05-09 08:20:00+08', NULL, '隧道窑排队，预计晚 2 天出窑', NULL, 'delayed', 'seed:jintai_mvp', 'flow_card:001'),
  ('70000000-0000-4000-8000-000000000002', '10000000-0000-4000-8000-000000000001', '60000000-0000-4000-8000-000000000002', '40000000-0000-4000-8000-000000000002', '50000000-0000-4000-8000-000000000002', 'FC-JT-202605-002', 80, 0, 0, '块', 'sintering', 'urgent', TIMESTAMPTZ '2026-05-13 18:00:00+08', TIMESTAMPTZ '2026-05-10 09:00:00+08', NULL, '烧结温控复核，暂停出窑', NULL, 'delayed', 'seed:jintai_mvp', 'flow_card:002'),
  ('70000000-0000-4000-8000-000000000003', '10000000-0000-4000-8000-000000000001', '60000000-0000-4000-8000-000000000003', '40000000-0000-4000-8000-000000000003', '50000000-0000-4000-8000-000000000003', 'FC-JT-202605-003', 60, 0, 0, '吨', 'forming', 'high', TIMESTAMPTZ '2026-05-14 18:00:00+08', TIMESTAMPTZ '2026-05-13 13:30:00+08', NULL, '配料批次复检，成型未完成', NULL, 'delayed', 'seed:jintai_mvp', 'flow_card:003'),
  ('70000000-0000-4000-8000-000000000004', '10000000-0000-4000-8000-000000000001', '60000000-0000-4000-8000-000000000004', '40000000-0000-4000-8000-000000000004', '50000000-0000-4000-8000-000000000004', 'FC-JT-202605-004', 90, 0, 1, '块', 'sintering', 'high', TIMESTAMPTZ '2026-05-19 18:00:00+08', TIMESTAMPTZ '2026-05-15 08:10:00+08', NULL, NULL, NULL, 'in_progress', 'seed:jintai_mvp', 'flow_card:004'),
  ('70000000-0000-4000-8000-000000000005', '10000000-0000-4000-8000-000000000001', '60000000-0000-4000-8000-000000000005', '40000000-0000-4000-8000-000000000001', '50000000-0000-4000-8000-000000000001', 'FC-JT-202605-005', 120, 105, 18, '块', 'inspection_packaging', 'normal', TIMESTAMPTZ '2026-05-20 18:00:00+08', TIMESTAMPTZ '2026-05-14 08:30:00+08', NULL, NULL, '检包复点确认短少 15 件，不良偏高', 'quantity_exception', 'seed:jintai_mvp', 'flow_card:005'),
  ('70000000-0000-4000-8000-000000000006', '10000000-0000-4000-8000-000000000001', '60000000-0000-4000-8000-000000000006', '40000000-0000-4000-8000-000000000004', '50000000-0000-4000-8000-000000000004', 'FC-JT-202605-006', 90, 75, 15, '块', 'inspection_packaging', 'normal', TIMESTAMPTZ '2026-05-20 18:00:00+08', TIMESTAMPTZ '2026-05-14 10:00:00+08', NULL, NULL, '出窑裂纹偏多，入库数量不足 15 件', 'quantity_exception', 'seed:jintai_mvp', 'flow_card:006'),
  ('70000000-0000-4000-8000-000000000007', '10000000-0000-4000-8000-000000000001', '60000000-0000-4000-8000-000000000007', '40000000-0000-4000-8000-000000000005', '50000000-0000-4000-8000-000000000005', 'FC-JT-202605-007', 70, 70, 2, '块', 'inspection_packaging', 'normal', TIMESTAMPTZ '2026-05-18 18:00:00+08', TIMESTAMPTZ '2026-05-11 08:00:00+08', TIMESTAMPTZ '2026-05-16 16:20:00+08', NULL, NULL, 'completed', 'seed:jintai_mvp', 'flow_card:007'),
  ('70000000-0000-4000-8000-000000000008', '10000000-0000-4000-8000-000000000001', '60000000-0000-4000-8000-000000000008', '40000000-0000-4000-8000-000000000006', '50000000-0000-4000-8000-000000000006', 'FC-JT-202605-008', 150, 150, 1, '块', 'inspection_packaging', 'normal', TIMESTAMPTZ '2026-05-18 18:00:00+08', TIMESTAMPTZ '2026-05-11 09:10:00+08', TIMESTAMPTZ '2026-05-16 17:40:00+08', NULL, NULL, 'completed', 'seed:jintai_mvp', 'flow_card:008'),
  ('70000000-0000-4000-8000-000000000009', '10000000-0000-4000-8000-000000000001', '60000000-0000-4000-8000-000000000009', '40000000-0000-4000-8000-000000000007', '50000000-0000-4000-8000-000000000007', 'FC-JT-202605-009', 100, 0, 0, '吨', NULL, 'normal', TIMESTAMPTZ '2026-05-29 18:00:00+08', NULL, NULL, NULL, NULL, 'created', 'seed:jintai_mvp', 'flow_card:009'),
  ('70000000-0000-4000-8000-000000000010', '10000000-0000-4000-8000-000000000001', '60000000-0000-4000-8000-000000000010', '40000000-0000-4000-8000-000000000008', '50000000-0000-4000-8000-000000000008', 'FC-JT-202605-010', 40, 0, 0, '片', NULL, 'normal', TIMESTAMPTZ '2026-05-30 18:00:00+08', NULL, NULL, NULL, NULL, 'created', 'seed:jintai_mvp', 'flow_card:010'),
  ('70000000-0000-4000-8000-000000000011', '10000000-0000-4000-8000-000000000001', '60000000-0000-4000-8000-000000000011', '40000000-0000-4000-8000-000000000002', '50000000-0000-4000-8000-000000000002', 'FC-JT-202605-011', 65, 0, 0, '块', 'forming', 'normal', TIMESTAMPTZ '2026-05-24 18:00:00+08', TIMESTAMPTZ '2026-05-17 08:40:00+08', NULL, NULL, NULL, 'in_progress', 'seed:jintai_mvp', 'flow_card:011'),
  ('70000000-0000-4000-8000-000000000012', '10000000-0000-4000-8000-000000000001', '60000000-0000-4000-8000-000000000012', '40000000-0000-4000-8000-000000000003', '50000000-0000-4000-8000-000000000003', 'FC-JT-202605-012', 75, 0, 1, '吨', 'inspection_packaging', 'normal', TIMESTAMPTZ '2026-05-25 18:00:00+08', TIMESTAMPTZ '2026-05-15 08:30:00+08', NULL, NULL, NULL, 'in_progress', 'seed:jintai_mvp', 'flow_card:012'),
  ('70000000-0000-4000-8000-000000000013', '10000000-0000-4000-8000-000000000001', '60000000-0000-4000-8000-000000000013', '40000000-0000-4000-8000-000000000005', '50000000-0000-4000-8000-000000000005', 'FC-JT-202605-013', 110, 0, 0, '块', 'sintering', 'normal', TIMESTAMPTZ '2026-05-26 18:00:00+08', TIMESTAMPTZ '2026-05-16 08:00:00+08', NULL, NULL, NULL, 'in_progress', 'seed:jintai_mvp', 'flow_card:013'),
  ('70000000-0000-4000-8000-000000000014', '10000000-0000-4000-8000-000000000001', '60000000-0000-4000-8000-000000000014', '40000000-0000-4000-8000-000000000006', '50000000-0000-4000-8000-000000000006', 'FC-JT-202605-014', 95, 0, 0, '块', 'forming', 'normal', TIMESTAMPTZ '2026-05-27 18:00:00+08', TIMESTAMPTZ '2026-05-17 09:20:00+08', NULL, NULL, NULL, 'in_progress', 'seed:jintai_mvp', 'flow_card:014'),
  ('70000000-0000-4000-8000-000000000015', '10000000-0000-4000-8000-000000000001', '60000000-0000-4000-8000-000000000015', '40000000-0000-4000-8000-000000000008', '50000000-0000-4000-8000-000000000008', 'FC-JT-202605-015', 50, 0, 1, '片', 'inspection_packaging', 'normal', TIMESTAMPTZ '2026-05-28 18:00:00+08', TIMESTAMPTZ '2026-05-15 09:00:00+08', NULL, NULL, NULL, 'in_progress', 'seed:jintai_mvp', 'flow_card:015')
ON CONFLICT (id) DO NOTHING;

INSERT INTO jintai_mvp.production_step_records (
  id, tenant_id, flow_card_id, process_step_id, operator_profile_id,
  step_code, step_name, step_sequence, input_quantity, output_quantity,
  defective_quantity, unit, started_at, completed_at, equipment_code,
  exception_reason, qc_result, status, source_system, source_record_id
) VALUES
  ('80000000-0000-4000-8000-000000000001', '10000000-0000-4000-8000-000000000001', '70000000-0000-4000-8000-000000000001', '51000000-0000-4000-8000-000000000001', '20000000-0000-4000-8000-000000000003', 'forming', '成型', 10, 100, 98, 2, '块', TIMESTAMPTZ '2026-05-09 08:20:00+08', TIMESTAMPTZ '2026-05-09 15:10:00+08', 'PRESS-A1', NULL, '{"result":"pass"}'::jsonb, 'completed', 'seed:jintai_mvp', 'step_record:001'),
  ('80000000-0000-4000-8000-000000000002', '10000000-0000-4000-8000-000000000001', '70000000-0000-4000-8000-000000000001', '51000000-0000-4000-8000-000000000002', '20000000-0000-4000-8000-000000000004', 'sintering', '烧结', 20, 98, NULL, 0, '块', TIMESTAMPTZ '2026-05-10 08:00:00+08', NULL, 'KILN-1', '窑炉排队，未出窑', '{"temperature_curve":"pending"}'::jsonb, 'in_progress', 'seed:jintai_mvp', 'step_record:002'),
  ('80000000-0000-4000-8000-000000000003', '10000000-0000-4000-8000-000000000001', '70000000-0000-4000-8000-000000000001', '51000000-0000-4000-8000-000000000003', NULL, 'inspection_packaging', '检包', 30, NULL, NULL, 0, '块', NULL, NULL, NULL, NULL, '{}'::jsonb, 'queued', 'seed:jintai_mvp', 'step_record:003'),
  ('80000000-0000-4000-8000-000000000004', '10000000-0000-4000-8000-000000000001', '70000000-0000-4000-8000-000000000002', '51000000-0000-4000-8000-000000000004', '20000000-0000-4000-8000-000000000003', 'forming', '成型', 10, 80, 80, 0, '块', TIMESTAMPTZ '2026-05-10 09:00:00+08', TIMESTAMPTZ '2026-05-10 15:00:00+08', 'PRESS-B1', NULL, '{"result":"pass"}'::jsonb, 'completed', 'seed:jintai_mvp', 'step_record:004'),
  ('80000000-0000-4000-8000-000000000005', '10000000-0000-4000-8000-000000000001', '70000000-0000-4000-8000-000000000002', '51000000-0000-4000-8000-000000000005', '20000000-0000-4000-8000-000000000004', 'sintering', '烧结', 20, 80, NULL, 0, '块', TIMESTAMPTZ '2026-05-11 08:30:00+08', NULL, 'KILN-1', '温控曲线复核中', '{"temperature_curve":"reviewing"}'::jsonb, 'in_progress', 'seed:jintai_mvp', 'step_record:005'),
  ('80000000-0000-4000-8000-000000000006', '10000000-0000-4000-8000-000000000001', '70000000-0000-4000-8000-000000000002', '51000000-0000-4000-8000-000000000006', NULL, 'inspection_packaging', '检包', 30, NULL, NULL, 0, '块', NULL, NULL, NULL, NULL, '{}'::jsonb, 'queued', 'seed:jintai_mvp', 'step_record:006'),
  ('80000000-0000-4000-8000-000000000007', '10000000-0000-4000-8000-000000000001', '70000000-0000-4000-8000-000000000003', '51000000-0000-4000-8000-000000000007', '20000000-0000-4000-8000-000000000003', 'forming', '成型', 10, 60, NULL, 0, '吨', TIMESTAMPTZ '2026-05-13 13:30:00+08', NULL, 'MIX-1', '配料批次复检，成型未完成', '{"moisture":"recheck"}'::jsonb, 'in_progress', 'seed:jintai_mvp', 'step_record:007'),
  ('80000000-0000-4000-8000-000000000008', '10000000-0000-4000-8000-000000000001', '70000000-0000-4000-8000-000000000003', '51000000-0000-4000-8000-000000000008', NULL, 'sintering', '烧结', 20, NULL, NULL, 0, '吨', NULL, NULL, NULL, NULL, '{}'::jsonb, 'queued', 'seed:jintai_mvp', 'step_record:008'),
  ('80000000-0000-4000-8000-000000000009', '10000000-0000-4000-8000-000000000001', '70000000-0000-4000-8000-000000000003', '51000000-0000-4000-8000-000000000009', NULL, 'inspection_packaging', '检包', 30, NULL, NULL, 0, '吨', NULL, NULL, NULL, NULL, '{}'::jsonb, 'queued', 'seed:jintai_mvp', 'step_record:009'),
  ('80000000-0000-4000-8000-000000000010', '10000000-0000-4000-8000-000000000001', '70000000-0000-4000-8000-000000000004', '51000000-0000-4000-8000-000000000010', '20000000-0000-4000-8000-000000000003', 'forming', '成型', 10, 90, 89, 1, '块', TIMESTAMPTZ '2026-05-15 08:10:00+08', TIMESTAMPTZ '2026-05-15 15:20:00+08', 'PRESS-C1', NULL, '{"result":"pass"}'::jsonb, 'completed', 'seed:jintai_mvp', 'step_record:010'),
  ('80000000-0000-4000-8000-000000000011', '10000000-0000-4000-8000-000000000001', '70000000-0000-4000-8000-000000000004', '51000000-0000-4000-8000-000000000011', '20000000-0000-4000-8000-000000000004', 'sintering', '烧结', 20, 89, NULL, 0, '块', TIMESTAMPTZ '2026-05-16 08:00:00+08', NULL, 'KILN-2', NULL, '{"temperature_curve":"normal"}'::jsonb, 'in_progress', 'seed:jintai_mvp', 'step_record:011'),
  ('80000000-0000-4000-8000-000000000012', '10000000-0000-4000-8000-000000000001', '70000000-0000-4000-8000-000000000004', '51000000-0000-4000-8000-000000000012', NULL, 'inspection_packaging', '检包', 30, NULL, NULL, 0, '块', NULL, NULL, NULL, NULL, '{}'::jsonb, 'queued', 'seed:jintai_mvp', 'step_record:012'),
  ('80000000-0000-4000-8000-000000000013', '10000000-0000-4000-8000-000000000001', '70000000-0000-4000-8000-000000000005', '51000000-0000-4000-8000-000000000001', '20000000-0000-4000-8000-000000000003', 'forming', '成型', 10, 120, 111, 9, '块', TIMESTAMPTZ '2026-05-14 08:30:00+08', TIMESTAMPTZ '2026-05-14 15:50:00+08', 'PRESS-A1', '坯体边角损伤偏多', '{"result":"warning","defect_rate":0.075}'::jsonb, 'completed', 'seed:jintai_mvp', 'step_record:013'),
  ('80000000-0000-4000-8000-000000000014', '10000000-0000-4000-8000-000000000001', '70000000-0000-4000-8000-000000000005', '51000000-0000-4000-8000-000000000002', '20000000-0000-4000-8000-000000000004', 'sintering', '烧结', 20, 111, 106, 5, '块', TIMESTAMPTZ '2026-05-15 08:00:00+08', TIMESTAMPTZ '2026-05-16 13:20:00+08', 'KILN-1', '出窑裂纹偏多', '{"result":"warning","defect_rate":0.045}'::jsonb, 'completed', 'seed:jintai_mvp', 'step_record:014'),
  ('80000000-0000-4000-8000-000000000015', '10000000-0000-4000-8000-000000000001', '70000000-0000-4000-8000-000000000005', '51000000-0000-4000-8000-000000000003', '20000000-0000-4000-8000-000000000005', 'inspection_packaging', '检包', 30, 106, 105, 4, '块', TIMESTAMPTZ '2026-05-16 14:00:00+08', NULL, 'PKG-1', '复点短少 15 件，待生产经理确认补单', '{"result":"fail","defect_rate":0.033}'::jsonb, 'exception', 'seed:jintai_mvp', 'step_record:015'),
  ('80000000-0000-4000-8000-000000000016', '10000000-0000-4000-8000-000000000001', '70000000-0000-4000-8000-000000000006', '51000000-0000-4000-8000-000000000010', '20000000-0000-4000-8000-000000000003', 'forming', '成型', 10, 90, 84, 6, '块', TIMESTAMPTZ '2026-05-14 10:00:00+08', TIMESTAMPTZ '2026-05-14 17:30:00+08', 'PRESS-C1', '压制密度波动', '{"result":"warning","defect_rate":0.0667}'::jsonb, 'completed', 'seed:jintai_mvp', 'step_record:016'),
  ('80000000-0000-4000-8000-000000000017', '10000000-0000-4000-8000-000000000001', '70000000-0000-4000-8000-000000000006', '51000000-0000-4000-8000-000000000011', '20000000-0000-4000-8000-000000000004', 'sintering', '烧结', 20, 84, 78, 6, '块', TIMESTAMPTZ '2026-05-15 08:00:00+08', TIMESTAMPTZ '2026-05-16 16:00:00+08', 'KILN-2', '裂纹比例偏高', '{"result":"warning","defect_rate":0.0714}'::jsonb, 'completed', 'seed:jintai_mvp', 'step_record:017'),
  ('80000000-0000-4000-8000-000000000018', '10000000-0000-4000-8000-000000000001', '70000000-0000-4000-8000-000000000006', '51000000-0000-4000-8000-000000000012', '20000000-0000-4000-8000-000000000005', 'inspection_packaging', '检包', 30, 78, 75, 3, '块', TIMESTAMPTZ '2026-05-16 16:30:00+08', NULL, 'PKG-2', '入库数量不足 15 件，待判定补产', '{"result":"fail","defect_rate":0.0385}'::jsonb, 'exception', 'seed:jintai_mvp', 'step_record:018'),
  ('80000000-0000-4000-8000-000000000019', '10000000-0000-4000-8000-000000000001', '70000000-0000-4000-8000-000000000007', '51000000-0000-4000-8000-000000000013', '20000000-0000-4000-8000-000000000003', 'forming', '成型', 10, 70, 70, 0, '块', TIMESTAMPTZ '2026-05-11 08:00:00+08', TIMESTAMPTZ '2026-05-11 14:00:00+08', 'PRESS-A1', NULL, '{"result":"pass"}'::jsonb, 'completed', 'seed:jintai_mvp', 'step_record:019'),
  ('80000000-0000-4000-8000-000000000020', '10000000-0000-4000-8000-000000000001', '70000000-0000-4000-8000-000000000007', '51000000-0000-4000-8000-000000000014', '20000000-0000-4000-8000-000000000004', 'sintering', '烧结', 20, 70, 70, 0, '块', TIMESTAMPTZ '2026-05-12 08:00:00+08', TIMESTAMPTZ '2026-05-15 10:20:00+08', 'KILN-1', NULL, '{"result":"pass"}'::jsonb, 'completed', 'seed:jintai_mvp', 'step_record:020'),
  ('80000000-0000-4000-8000-000000000021', '10000000-0000-4000-8000-000000000001', '70000000-0000-4000-8000-000000000007', '51000000-0000-4000-8000-000000000015', '20000000-0000-4000-8000-000000000005', 'inspection_packaging', '检包', 30, 70, 70, 2, '块', TIMESTAMPTZ '2026-05-15 13:00:00+08', TIMESTAMPTZ '2026-05-16 16:20:00+08', 'PKG-1', NULL, '{"result":"pass","defect_rate":0.0286}'::jsonb, 'completed', 'seed:jintai_mvp', 'step_record:021'),
  ('80000000-0000-4000-8000-000000000022', '10000000-0000-4000-8000-000000000001', '70000000-0000-4000-8000-000000000008', '51000000-0000-4000-8000-000000000016', '20000000-0000-4000-8000-000000000003', 'forming', '成型', 10, 150, 150, 0, '块', TIMESTAMPTZ '2026-05-11 09:10:00+08', TIMESTAMPTZ '2026-05-11 15:20:00+08', 'PRESS-B1', NULL, '{"result":"pass"}'::jsonb, 'completed', 'seed:jintai_mvp', 'step_record:022'),
  ('80000000-0000-4000-8000-000000000023', '10000000-0000-4000-8000-000000000001', '70000000-0000-4000-8000-000000000008', '51000000-0000-4000-8000-000000000017', '20000000-0000-4000-8000-000000000004', 'sintering', '烧结', 20, 150, 150, 0, '块', TIMESTAMPTZ '2026-05-12 08:00:00+08', TIMESTAMPTZ '2026-05-15 11:40:00+08', 'KILN-2', NULL, '{"result":"pass"}'::jsonb, 'completed', 'seed:jintai_mvp', 'step_record:023'),
  ('80000000-0000-4000-8000-000000000024', '10000000-0000-4000-8000-000000000001', '70000000-0000-4000-8000-000000000008', '51000000-0000-4000-8000-000000000018', '20000000-0000-4000-8000-000000000005', 'inspection_packaging', '检包', 30, 150, 150, 1, '块', TIMESTAMPTZ '2026-05-15 14:00:00+08', TIMESTAMPTZ '2026-05-16 17:40:00+08', 'PKG-2', NULL, '{"result":"pass","defect_rate":0.0067}'::jsonb, 'completed', 'seed:jintai_mvp', 'step_record:024'),
  ('80000000-0000-4000-8000-000000000025', '10000000-0000-4000-8000-000000000001', '70000000-0000-4000-8000-000000000009', '51000000-0000-4000-8000-000000000019', NULL, 'forming', '成型', 10, NULL, NULL, 0, '吨', NULL, NULL, NULL, NULL, '{}'::jsonb, 'queued', 'seed:jintai_mvp', 'step_record:025'),
  ('80000000-0000-4000-8000-000000000026', '10000000-0000-4000-8000-000000000001', '70000000-0000-4000-8000-000000000009', '51000000-0000-4000-8000-000000000020', NULL, 'sintering', '烧结', 20, NULL, NULL, 0, '吨', NULL, NULL, NULL, NULL, '{}'::jsonb, 'queued', 'seed:jintai_mvp', 'step_record:026'),
  ('80000000-0000-4000-8000-000000000027', '10000000-0000-4000-8000-000000000001', '70000000-0000-4000-8000-000000000009', '51000000-0000-4000-8000-000000000021', NULL, 'inspection_packaging', '检包', 30, NULL, NULL, 0, '吨', NULL, NULL, NULL, NULL, '{}'::jsonb, 'queued', 'seed:jintai_mvp', 'step_record:027'),
  ('80000000-0000-4000-8000-000000000028', '10000000-0000-4000-8000-000000000001', '70000000-0000-4000-8000-000000000010', '51000000-0000-4000-8000-000000000022', NULL, 'forming', '成型', 10, NULL, NULL, 0, '片', NULL, NULL, NULL, NULL, '{}'::jsonb, 'queued', 'seed:jintai_mvp', 'step_record:028'),
  ('80000000-0000-4000-8000-000000000029', '10000000-0000-4000-8000-000000000001', '70000000-0000-4000-8000-000000000010', '51000000-0000-4000-8000-000000000023', NULL, 'sintering', '烧结', 20, NULL, NULL, 0, '片', NULL, NULL, NULL, NULL, '{}'::jsonb, 'queued', 'seed:jintai_mvp', 'step_record:029'),
  ('80000000-0000-4000-8000-000000000030', '10000000-0000-4000-8000-000000000001', '70000000-0000-4000-8000-000000000010', '51000000-0000-4000-8000-000000000024', NULL, 'inspection_packaging', '检包', 30, NULL, NULL, 0, '片', NULL, NULL, NULL, NULL, '{}'::jsonb, 'queued', 'seed:jintai_mvp', 'step_record:030'),
  ('80000000-0000-4000-8000-000000000031', '10000000-0000-4000-8000-000000000001', '70000000-0000-4000-8000-000000000011', '51000000-0000-4000-8000-000000000004', '20000000-0000-4000-8000-000000000003', 'forming', '成型', 10, 65, NULL, 0, '块', TIMESTAMPTZ '2026-05-17 08:40:00+08', NULL, 'PRESS-B1', NULL, '{"result":"running"}'::jsonb, 'in_progress', 'seed:jintai_mvp', 'step_record:031'),
  ('80000000-0000-4000-8000-000000000032', '10000000-0000-4000-8000-000000000001', '70000000-0000-4000-8000-000000000011', '51000000-0000-4000-8000-000000000005', NULL, 'sintering', '烧结', 20, NULL, NULL, 0, '块', NULL, NULL, NULL, NULL, '{}'::jsonb, 'queued', 'seed:jintai_mvp', 'step_record:032'),
  ('80000000-0000-4000-8000-000000000033', '10000000-0000-4000-8000-000000000001', '70000000-0000-4000-8000-000000000011', '51000000-0000-4000-8000-000000000006', NULL, 'inspection_packaging', '检包', 30, NULL, NULL, 0, '块', NULL, NULL, NULL, NULL, '{}'::jsonb, 'queued', 'seed:jintai_mvp', 'step_record:033'),
  ('80000000-0000-4000-8000-000000000034', '10000000-0000-4000-8000-000000000001', '70000000-0000-4000-8000-000000000012', '51000000-0000-4000-8000-000000000007', '20000000-0000-4000-8000-000000000003', 'forming', '成型', 10, 75, 75, 0, '吨', TIMESTAMPTZ '2026-05-15 08:30:00+08', TIMESTAMPTZ '2026-05-15 14:40:00+08', 'MIX-1', NULL, '{"result":"pass"}'::jsonb, 'completed', 'seed:jintai_mvp', 'step_record:034'),
  ('80000000-0000-4000-8000-000000000035', '10000000-0000-4000-8000-000000000001', '70000000-0000-4000-8000-000000000012', '51000000-0000-4000-8000-000000000008', '20000000-0000-4000-8000-000000000004', 'sintering', '烧结', 20, 75, 74, 1, '吨', TIMESTAMPTZ '2026-05-16 08:00:00+08', TIMESTAMPTZ '2026-05-17 09:30:00+08', 'DRY-1', NULL, '{"result":"pass","defect_rate":0.0133}'::jsonb, 'completed', 'seed:jintai_mvp', 'step_record:035'),
  ('80000000-0000-4000-8000-000000000036', '10000000-0000-4000-8000-000000000001', '70000000-0000-4000-8000-000000000012', '51000000-0000-4000-8000-000000000009', '20000000-0000-4000-8000-000000000005', 'inspection_packaging', '检包', 30, 74, NULL, 0, '吨', TIMESTAMPTZ '2026-05-17 10:00:00+08', NULL, 'PKG-1', NULL, '{"result":"running"}'::jsonb, 'in_progress', 'seed:jintai_mvp', 'step_record:036'),
  ('80000000-0000-4000-8000-000000000037', '10000000-0000-4000-8000-000000000001', '70000000-0000-4000-8000-000000000013', '51000000-0000-4000-8000-000000000013', '20000000-0000-4000-8000-000000000003', 'forming', '成型', 10, 110, 110, 0, '块', TIMESTAMPTZ '2026-05-16 08:00:00+08', TIMESTAMPTZ '2026-05-16 14:00:00+08', 'PRESS-A1', NULL, '{"result":"pass"}'::jsonb, 'completed', 'seed:jintai_mvp', 'step_record:037'),
  ('80000000-0000-4000-8000-000000000038', '10000000-0000-4000-8000-000000000001', '70000000-0000-4000-8000-000000000013', '51000000-0000-4000-8000-000000000014', '20000000-0000-4000-8000-000000000004', 'sintering', '烧结', 20, 110, NULL, 0, '块', TIMESTAMPTZ '2026-05-17 08:00:00+08', NULL, 'KILN-1', NULL, '{"temperature_curve":"normal"}'::jsonb, 'in_progress', 'seed:jintai_mvp', 'step_record:038'),
  ('80000000-0000-4000-8000-000000000039', '10000000-0000-4000-8000-000000000001', '70000000-0000-4000-8000-000000000013', '51000000-0000-4000-8000-000000000015', NULL, 'inspection_packaging', '检包', 30, NULL, NULL, 0, '块', NULL, NULL, NULL, NULL, '{}'::jsonb, 'queued', 'seed:jintai_mvp', 'step_record:039'),
  ('80000000-0000-4000-8000-000000000040', '10000000-0000-4000-8000-000000000001', '70000000-0000-4000-8000-000000000014', '51000000-0000-4000-8000-000000000016', '20000000-0000-4000-8000-000000000003', 'forming', '成型', 10, 95, NULL, 0, '块', TIMESTAMPTZ '2026-05-17 09:20:00+08', NULL, 'PRESS-B1', NULL, '{"result":"running"}'::jsonb, 'in_progress', 'seed:jintai_mvp', 'step_record:040'),
  ('80000000-0000-4000-8000-000000000041', '10000000-0000-4000-8000-000000000001', '70000000-0000-4000-8000-000000000014', '51000000-0000-4000-8000-000000000017', NULL, 'sintering', '烧结', 20, NULL, NULL, 0, '块', NULL, NULL, NULL, NULL, '{}'::jsonb, 'queued', 'seed:jintai_mvp', 'step_record:041'),
  ('80000000-0000-4000-8000-000000000042', '10000000-0000-4000-8000-000000000001', '70000000-0000-4000-8000-000000000014', '51000000-0000-4000-8000-000000000018', NULL, 'inspection_packaging', '检包', 30, NULL, NULL, 0, '块', NULL, NULL, NULL, NULL, '{}'::jsonb, 'queued', 'seed:jintai_mvp', 'step_record:042'),
  ('80000000-0000-4000-8000-000000000043', '10000000-0000-4000-8000-000000000001', '70000000-0000-4000-8000-000000000015', '51000000-0000-4000-8000-000000000022', '20000000-0000-4000-8000-000000000003', 'forming', '成型', 10, 50, 50, 0, '片', TIMESTAMPTZ '2026-05-15 09:00:00+08', TIMESTAMPTZ '2026-05-15 16:10:00+08', 'PRESS-C1', NULL, '{"result":"pass"}'::jsonb, 'completed', 'seed:jintai_mvp', 'step_record:043'),
  ('80000000-0000-4000-8000-000000000044', '10000000-0000-4000-8000-000000000001', '70000000-0000-4000-8000-000000000015', '51000000-0000-4000-8000-000000000023', '20000000-0000-4000-8000-000000000004', 'sintering', '烧结', 20, 50, 49, 1, '片', TIMESTAMPTZ '2026-05-16 08:00:00+08', TIMESTAMPTZ '2026-05-17 10:10:00+08', 'KILN-2', NULL, '{"result":"pass","defect_rate":0.02}'::jsonb, 'completed', 'seed:jintai_mvp', 'step_record:044'),
  ('80000000-0000-4000-8000-000000000045', '10000000-0000-4000-8000-000000000001', '70000000-0000-4000-8000-000000000015', '51000000-0000-4000-8000-000000000024', '20000000-0000-4000-8000-000000000005', 'inspection_packaging', '检包', 30, 49, NULL, 0, '片', TIMESTAMPTZ '2026-05-17 10:30:00+08', NULL, 'PKG-2', NULL, '{"result":"running"}'::jsonb, 'in_progress', 'seed:jintai_mvp', 'step_record:045')
ON CONFLICT (id) DO NOTHING;

INSERT INTO jintai_mvp.document_templates (
  id, tenant_id, template_code, template_name, document_type, version,
  content_schema, status, source_system, source_record_id
) VALUES
  ('90000000-0000-4000-8000-000000000001', '10000000-0000-4000-8000-000000000001', 'TPL-FLOW-CARD-V1', '生产流转单识别模板', 'production_flow_card', 'v1', '{"required_fields":["flow_card_no","product","planned_quantity","current_step","operator_signatures"]}'::jsonb, 'active', 'seed:jintai_mvp', 'template:flow_card:v1'),
  ('90000000-0000-4000-8000-000000000002', '10000000-0000-4000-8000-000000000001', 'TPL-SALES-ORDER-V1', '销售订单识别模板', 'sales_order', 'v1', '{"required_fields":["order_no","customer","product","quantity","promised_delivery_date"]}'::jsonb, 'active', 'seed:jintai_mvp', 'template:sales_order:v1'),
  ('90000000-0000-4000-8000-000000000003', '10000000-0000-4000-8000-000000000001', 'TPL-QC-ISSUE-V1', '质量异常记录模板', 'quality_exception', 'v1', '{"required_fields":["flow_card_no","step","defective_quantity","reason"]}'::jsonb, 'active', 'seed:jintai_mvp', 'template:qc_issue:v1')
ON CONFLICT (id) DO NOTHING;

INSERT INTO jintai_mvp.attachments (
  id, tenant_id, entity_table, entity_id, file_name, mime_type, storage_url,
  uploaded_by_profile_id, checksum, status, source_system, source_record_id
) VALUES
  ('a0000000-0000-4000-8000-000000000001', '10000000-0000-4000-8000-000000000001', 'production_flow_cards', '70000000-0000-4000-8000-000000000005', 'FC-JT-202605-005-photo.jpg', 'image/jpeg', 's3://placeholder/jintai/flow-card-005.jpg', '20000000-0000-4000-8000-000000000002', 'placeholder-sha256-001', 'uploaded', 'seed:jintai_mvp', 'attachment:001'),
  ('a0000000-0000-4000-8000-000000000002', '10000000-0000-4000-8000-000000000001', 'sales_orders', '60000000-0000-4000-8000-000000000009', 'SO-JT-202605-009.xlsx', 'application/vnd.openxmlformats-officedocument.spreadsheetml.sheet', 's3://placeholder/jintai/order-009.xlsx', '20000000-0000-4000-8000-000000000002', 'placeholder-sha256-002', 'uploaded', 'seed:jintai_mvp', 'attachment:002')
ON CONFLICT (id) DO NOTHING;

INSERT INTO jintai_mvp.ai_extraction_queue (
  id, tenant_id, queue_no, attachment_id, source_document_name, extraction_type,
  target_table, payload, extracted_data, confidence, status, source_system, source_record_id
) VALUES
  ('b0000000-0000-4000-8000-000000000001', '10000000-0000-4000-8000-000000000001', 'AIQ-JT-202605-001', 'a0000000-0000-4000-8000-000000000001', 'FC-JT-202605-005-photo.jpg', 'ocr_flow_card', 'production_flow_cards', '{"note":"AI result must be reviewed before business write"}'::jsonb, '{"flow_card_no":"FC-JT-202605-005","detected_issue":"数量短少 15 件"}'::jsonb, 0.9140, 'pending_review', 'seed:jintai_mvp', 'ai_queue:001'),
  ('b0000000-0000-4000-8000-000000000002', '10000000-0000-4000-8000-000000000001', 'AIQ-JT-202605-002', 'a0000000-0000-4000-8000-000000000002', 'SO-JT-202605-009.xlsx', 'excel_sales_order', 'sales_orders', '{"note":"Imported from offline sample export, not direct ERP connection"}'::jsonb, '{"order_no":"SO-JT-202605-009","quantity":100,"status":"created"}'::jsonb, 0.9700, 'pending_review', 'seed:jintai_mvp', 'ai_queue:002')
ON CONFLICT (id) DO NOTHING;

INSERT INTO jintai_mvp.ai_query_logs (
  id, tenant_id, profile_id, query_text, answer_text, cited_entity_refs,
  model_name, latency_ms, status, source_system, source_record_id
) VALUES
  ('c0000000-0000-4000-8000-000000000001', '10000000-0000-4000-8000-000000000001', '20000000-0000-4000-8000-000000000001', '今天哪些生产单延期？', '当前有 3 张延期生产单：FC-JT-202605-001、002、003。', '[{"table":"production_flow_cards","id":"70000000-0000-4000-8000-000000000001"},{"table":"production_flow_cards","id":"70000000-0000-4000-8000-000000000002"},{"table":"production_flow_cards","id":"70000000-0000-4000-8000-000000000003"}]'::jsonb, 'seed-placeholder', 520, 'answered', 'seed:jintai_mvp', 'ai_query:001'),
  ('c0000000-0000-4000-8000-000000000002', '10000000-0000-4000-8000-000000000001', '20000000-0000-4000-8000-000000000002', '哪些产品最近不良率偏高？', '刚玉莫来石承烧板与碳化硅支柱的样例数据标记为高风险。', '[{"table":"products","id":"40000000-0000-4000-8000-000000000001"},{"table":"products","id":"40000000-0000-4000-8000-000000000004"}]'::jsonb, 'seed-placeholder', 610, 'answered', 'seed:jintai_mvp', 'ai_query:002')
ON CONFLICT (id) DO NOTHING;

INSERT INTO jintai_mvp.external_source_mappings (
  id, tenant_id, source_system, source_table, source_record_id, local_table,
  local_record_id, sync_direction, last_seen_at, metadata, status
) VALUES
  ('d0000000-0000-4000-8000-000000000001', '10000000-0000-4000-8000-000000000001', 'yonyou_placeholder', 'Customer', 'CUST-001', 'customers', '30000000-0000-4000-8000-000000000001', 'import', TIMESTAMPTZ '2026-05-17 00:00:00+08', '{"note":"placeholder mapping only"}'::jsonb, 'active'),
  ('d0000000-0000-4000-8000-000000000002', '10000000-0000-4000-8000-000000000001', 'yonyou_placeholder', 'Inventory', 'JT-AM-SP-001', 'products', '40000000-0000-4000-8000-000000000001', 'import', TIMESTAMPTZ '2026-05-17 00:00:00+08', '{"note":"placeholder mapping only"}'::jsonb, 'active'),
  ('d0000000-0000-4000-8000-000000000003', '10000000-0000-4000-8000-000000000001', 'yonyou_placeholder', 'Inventory', 'JT-SIC-POST-004', 'products', '40000000-0000-4000-8000-000000000004', 'import', TIMESTAMPTZ '2026-05-17 00:00:00+08', '{"note":"placeholder mapping only"}'::jsonb, 'active'),
  ('d0000000-0000-4000-8000-000000000004', '10000000-0000-4000-8000-000000000001', 'yonyou_placeholder', 'SO_SOMain', 'SO-JT-202605-001', 'sales_orders', '60000000-0000-4000-8000-000000000001', 'import', TIMESTAMPTZ '2026-05-17 00:00:00+08', '{"note":"placeholder mapping only"}'::jsonb, 'active')
ON CONFLICT (id) DO NOTHING;

COMMIT;
